Date,Sessions,Search_Impressions,Search_CTR,Search_Pos,Affiliate_Clicks,Sales_Units,Revenue_EUR,Commission_EUR,Top_Page,Notes
2026-08-01,,,,,,,0,,,
,,,,,,,,,,
Settimana 1 target: 50 impressions/day,,,,,,,,,,
Settimana 4 target: 500 impressions/day, 2% CTR,,,,,,,,
Settimana 12 target: 2000 impressions/day, 5% CTR,,,,,,,,
,,,,,,,,,,
LEGENDA COLONNE,,,,,,,,,,
Sessions,Visitatori unici da Google Analytics / Vercel Analytics,,,,,,,,,,
Search_Impressions,Quante volte il sito appare su Google (da Search Console → Performance),,,,,,,,,,
Search_CTR,Click-Through Rate = click / impressions, *target >3% per buon ranking,,,,,,,,,
Search_Pos,Posizione media nei risultati Google per keyword target, *target <10 per prima pagina,,,,,,,,,
Affiliate_Clicks,Click totali sui link affiliati (/go/*) — verificabile via UTM su Amazon Associates,,,,,,,,,
Sales_Unit,Numero vendite completate su Amazon dopo click affiliato,,,,,,,,,
Revenue_EUR,Fatturato Amazon generato da questo sito,,,,,,,,,
Commission_EUR,Guadagno affiliato (3-5% di revenue) — dato chiave ROI,,,,,,,,,
Top_Page,Pagina con più conversioni del mese,,,,,,,,,
,,,,,,,,,,
FORMULA ROI,,,,,,,,,,
ROI % = (Commission_EUR * 100) / costi,,,,,,,,,,
EPC (earning per click) = Commission_EUR / Affiliate_Clicks,,,,,,,,,,
Conversion % = Sales_Units * 100 / Affiliate_Clicks,,,,,,,,,,
,,,,,,,,,,
CHECKLIST SETTIMANALE,,,,,,,,,,
1. Search Console: controlla query nuove + CTR, ,,,,,,,,
2. Amazon Associates: scarica report click + earnings CSV, ,,,,,,,,
3. Lighthouse: verifica Performance >90, ,,,,,,,,
4. Blog: pubblica 1 articolo/settimana long-tail, ,,,,,,,,
5. Internal link: aggiungi link tra articoli nuovi e prodotti esistenti, ,,,,,,,,
6. Social: condividi articolo su Reddit r/italia + forum casa (no spam), ,,,,,,,,
7. Speed Insights Vercel: monitora Core Web Vitals, ,,,,,,,,
